churn_event_id,customer_id,finance_churn_date,cs_churn_date,reason
CHN0003,C0003,,2026-05-24,synthetic cohort divergence
CHN0006,C0006,2026-05-16,2026-05-21,synthetic cohort divergence
CHN0009,C0009,,2026-05-18,synthetic cohort divergence
CHN0012,C0012,2026-05-10,2026-05-15,synthetic cohort divergence
CHN0015,C0015,,2026-05-12,synthetic cohort divergence
CHN0018,C0018,2026-05-04,2026-05-09,synthetic cohort divergence
CHN0021,C0021,,2026-05-06,synthetic cohort divergence
CHN0024,C0024,2026-04-28,2026-05-03,synthetic cohort divergence
CHN0027,C0027,,2026-04-30,synthetic cohort divergence
CHN0030,C0030,2026-04-22,2026-04-27,synthetic cohort divergence
CHN0033,C0033,,2026-04-24,synthetic cohort divergence
CHN0036,C0036,2026-04-16,2026-04-21,synthetic cohort divergence
CHN0039,C0039,,2026-04-18,synthetic cohort divergence
CHN0042,C0042,2026-04-10,2026-04-15,synthetic cohort divergence
CHN0045,C0045,,2026-04-12,synthetic cohort divergence
CHN0048,C0048,2026-04-04,2026-04-09,synthetic cohort divergence
CHN0051,C0051,,2026-04-06,synthetic cohort divergence
CHN0054,C0054,2026-03-29,2026-04-03,synthetic cohort divergence
CHN0057,C0057,,2026-03-31,synthetic cohort divergence
CHN0060,C0060,2026-03-23,2026-03-28,synthetic cohort divergence
CHN0063,C0063,,2026-03-25,synthetic cohort divergence
CHN0066,C0066,2026-03-17,2026-03-22,synthetic cohort divergence
CHN0069,C0069,,2026-03-19,synthetic cohort divergence
CHN0072,C0072,2026-03-11,2026-03-16,synthetic cohort divergence
CHN0075,C0075,,2026-03-13,synthetic cohort divergence
CHN0078,C0078,2026-05-19,2026-03-10,synthetic cohort divergence
CHN0081,C0081,,2026-03-07,synthetic cohort divergence
CHN0084,C0084,2026-05-13,2026-03-04,synthetic cohort divergence
CHN0087,C0087,,2026-03-01,synthetic cohort divergence
CHN0090,C0090,2026-05-07,2026-02-26,synthetic cohort divergence
CHN0093,C0093,,2026-02-23,synthetic cohort divergence
CHN0096,C0096,2026-05-01,2026-02-20,synthetic cohort divergence
CHN0099,C0099,,2026-02-17,synthetic cohort divergence
CHN0102,C0102,2026-04-25,2026-05-25,synthetic cohort divergence
CHN0105,C0105,,2026-05-22,synthetic cohort divergence
CHN0108,C0108,2026-04-19,2026-05-19,synthetic cohort divergence
CHN0111,C0111,,2026-05-16,synthetic cohort divergence
CHN0114,C0114,2026-04-13,2026-05-13,synthetic cohort divergence
CHN0117,C0117,,2026-05-10,synthetic cohort divergence
CHN0120,C0120,2026-04-07,2026-05-07,synthetic cohort divergence
CHN0123,C0123,,2026-05-04,synthetic cohort divergence
CHN0126,C0126,2026-04-01,2026-05-01,synthetic cohort divergence
CHN0129,C0129,,2026-04-28,synthetic cohort divergence
CHN0132,C0132,2026-03-26,2026-04-25,synthetic cohort divergence
CHN0135,C0135,,2026-04-22,synthetic cohort divergence
CHN0138,C0138,2026-03-20,2026-04-19,synthetic cohort divergence
CHN0141,C0141,,2026-04-16,synthetic cohort divergence
CHN0144,C0144,2026-03-14,2026-04-13,synthetic cohort divergence
CHN0147,C0147,,2026-04-10,synthetic cohort divergence
CHN0150,C0150,2026-05-22,2026-04-07,synthetic cohort divergence
CHN0153,C0153,,2026-04-04,synthetic cohort divergence
CHN0156,C0156,2026-05-16,2026-04-01,synthetic cohort divergence
CHN0159,C0159,,2026-03-29,synthetic cohort divergence
CHN0162,C0162,2026-05-10,2026-03-26,synthetic cohort divergence
CHN0165,C0165,,2026-03-23,synthetic cohort divergence
CHN0168,C0168,2026-05-04,2026-03-20,synthetic cohort divergence
CHN0171,C0171,,2026-03-17,synthetic cohort divergence
CHN0174,C0174,2026-04-28,2026-03-14,synthetic cohort divergence
CHN0177,C0177,,2026-03-11,synthetic cohort divergence
CHN0180,C0180,2026-04-22,2026-03-08,synthetic cohort divergence
CHN0183,C0183,,2026-03-05,synthetic cohort divergence
CHN0186,C0186,2026-04-16,2026-03-02,synthetic cohort divergence
CHN0189,C0189,,2026-02-27,synthetic cohort divergence
CHN0192,C0192,2026-04-10,2026-02-24,synthetic cohort divergence
CHN0195,C0195,,2026-02-21,synthetic cohort divergence
CHN0198,C0198,2026-04-04,2026-02-18,synthetic cohort divergence
CHN0201,C0201,,2026-05-26,synthetic cohort divergence
CHN0204,C0204,2026-03-29,2026-05-23,synthetic cohort divergence
CHN0207,C0207,,2026-05-20,synthetic cohort divergence
CHN0210,C0210,2026-03-23,2026-05-17,synthetic cohort divergence
CHN0213,C0213,,2026-05-14,synthetic cohort divergence
CHN0216,C0216,2026-03-17,2026-05-11,synthetic cohort divergence
CHN0219,C0219,,2026-05-08,synthetic cohort divergence
CHN0222,C0222,2026-03-11,2026-05-05,synthetic cohort divergence
CHN0225,C0225,,2026-05-02,synthetic cohort divergence
CHN0228,C0228,2026-05-19,2026-04-29,synthetic cohort divergence
CHN0231,C0231,,2026-04-26,synthetic cohort divergence
CHN0234,C0234,2026-05-13,2026-04-23,synthetic cohort divergence
CHN0237,C0237,,2026-04-20,synthetic cohort divergence
CHN0240,C0240,2026-05-07,2026-04-17,synthetic cohort divergence
CHN0243,C0243,,2026-04-14,synthetic cohort divergence
CHN0246,C0246,2026-05-01,2026-04-11,synthetic cohort divergence
CHN0249,C0249,,2026-04-08,synthetic cohort divergence
CHN0252,C0252,2026-04-25,2026-04-05,synthetic cohort divergence
CHN0255,C0255,,2026-04-02,synthetic cohort divergence
CHN0258,C0258,2026-04-19,2026-03-30,synthetic cohort divergence
CHN0261,C0261,,2026-03-27,synthetic cohort divergence
CHN0264,C0264,2026-04-13,2026-03-24,synthetic cohort divergence
CHN0267,C0267,,2026-03-21,synthetic cohort divergence
CHN0270,C0270,2026-04-07,2026-03-18,synthetic cohort divergence
CHN0273,C0273,,2026-03-15,synthetic cohort divergence
CHN0276,C0276,2026-04-01,2026-03-12,synthetic cohort divergence
CHN0279,C0279,,2026-03-09,synthetic cohort divergence
CHN0282,C0282,2026-03-26,2026-03-06,synthetic cohort divergence
CHN0285,C0285,,2026-03-03,synthetic cohort divergence
CHN0288,C0288,2026-03-20,2026-02-28,synthetic cohort divergence
CHN0291,C0291,,2026-02-25,synthetic cohort divergence
CHN0294,C0294,2026-03-14,2026-02-22,synthetic cohort divergence
CHN0297,C0297,,2026-02-19,synthetic cohort divergence
CHN0300,C0300,2026-05-22,2026-05-27,synthetic cohort divergence
CHN0303,C0303,,2026-05-24,synthetic cohort divergence
CHN0306,C0306,2026-05-16,2026-05-21,synthetic cohort divergence
CHN0309,C0309,,2026-05-18,synthetic cohort divergence
CHN0312,C0312,2026-05-10,2026-05-15,synthetic cohort divergence
CHN0315,C0315,,2026-05-12,synthetic cohort divergence
CHN0318,C0318,2026-05-04,2026-05-09,synthetic cohort divergence
CHN0321,C0321,,2026-05-06,synthetic cohort divergence
CHN0324,C0324,2026-04-28,2026-05-03,synthetic cohort divergence
CHN0327,C0327,,2026-04-30,synthetic cohort divergence
CHN0330,C0330,2026-04-22,2026-04-27,synthetic cohort divergence
CHN0333,C0333,,2026-04-24,synthetic cohort divergence
CHN0336,C0336,2026-04-16,2026-04-21,synthetic cohort divergence
CHN0339,C0339,,2026-04-18,synthetic cohort divergence
CHN0342,C0342,2026-04-10,2026-04-15,synthetic cohort divergence
CHN0345,C0345,,2026-04-12,synthetic cohort divergence
CHN0348,C0348,2026-04-04,2026-04-09,synthetic cohort divergence
CHN0351,C0351,,2026-04-06,synthetic cohort divergence
CHN0354,C0354,2026-03-29,2026-04-03,synthetic cohort divergence
CHN0357,C0357,,2026-03-31,synthetic cohort divergence
CHN0360,C0360,2026-03-23,2026-03-28,synthetic cohort divergence
CHN0363,C0363,,2026-03-25,synthetic cohort divergence
CHN0366,C0366,2026-03-17,2026-03-22,synthetic cohort divergence
CHN0369,C0369,,2026-03-19,synthetic cohort divergence
CHN0372,C0372,2026-03-11,2026-03-16,synthetic cohort divergence
CHN0375,C0375,,2026-03-13,synthetic cohort divergence
CHN0378,C0378,2026-05-19,2026-03-10,synthetic cohort divergence
CHN0381,C0381,,2026-03-07,synthetic cohort divergence
CHN0384,C0384,2026-05-13,2026-03-04,synthetic cohort divergence
CHN0387,C0387,,2026-03-01,synthetic cohort divergence
CHN0390,C0390,2026-05-07,2026-02-26,synthetic cohort divergence
CHN0393,C0393,,2026-02-23,synthetic cohort divergence
CHN0396,C0396,2026-05-01,2026-02-20,synthetic cohort divergence
CHN0399,C0399,,2026-02-17,synthetic cohort divergence
CHN0402,C0402,2026-04-25,2026-05-25,synthetic cohort divergence
CHN0405,C0405,,2026-05-22,synthetic cohort divergence
CHN0408,C0408,2026-04-19,2026-05-19,synthetic cohort divergence
CHN0411,C0411,,2026-05-16,synthetic cohort divergence
CHN0414,C0414,2026-04-13,2026-05-13,synthetic cohort divergence
CHN0417,C0417,,2026-05-10,synthetic cohort divergence
CHN0420,C0420,2026-04-07,2026-05-07,synthetic cohort divergence
CHN0423,C0423,,2026-05-04,synthetic cohort divergence
CHN0426,C0426,2026-04-01,2026-05-01,synthetic cohort divergence
CHN0429,C0429,,2026-04-28,synthetic cohort divergence
CHN0432,C0432,2026-03-26,2026-04-25,synthetic cohort divergence
CHN0435,C0435,,2026-04-22,synthetic cohort divergence
CHN0438,C0438,2026-03-20,2026-04-19,synthetic cohort divergence
CHN0441,C0441,,2026-04-16,synthetic cohort divergence
CHN0444,C0444,2026-03-14,2026-04-13,synthetic cohort divergence
CHN0447,C0447,,2026-04-10,synthetic cohort divergence
CHN0450,C0450,2026-05-22,2026-04-07,synthetic cohort divergence
CHN0453,C0453,,2026-04-04,synthetic cohort divergence
CHN0456,C0456,2026-05-16,2026-04-01,synthetic cohort divergence
CHN0459,C0459,,2026-03-29,synthetic cohort divergence
CHN0462,C0462,2026-05-10,2026-03-26,synthetic cohort divergence
CHN0465,C0465,,2026-03-23,synthetic cohort divergence
CHN0468,C0468,2026-05-04,2026-03-20,synthetic cohort divergence
CHN0471,C0471,,2026-03-17,synthetic cohort divergence
CHN0474,C0474,2026-04-28,2026-03-14,synthetic cohort divergence
CHN0477,C0477,,2026-03-11,synthetic cohort divergence
CHN0480,C0480,2026-04-22,2026-03-08,synthetic cohort divergence
CHN0483,C0483,,2026-03-05,synthetic cohort divergence
CHN0486,C0486,2026-04-16,2026-03-02,synthetic cohort divergence
CHN0489,C0489,,2026-02-27,synthetic cohort divergence
CHN0492,C0492,2026-04-10,2026-02-24,synthetic cohort divergence
CHN0495,C0495,,2026-02-21,synthetic cohort divergence
CHN0498,C0498,2026-04-04,2026-02-18,synthetic cohort divergence
CHN0501,C0501,,2026-05-26,synthetic cohort divergence
CHN0504,C0504,2026-03-29,2026-05-23,synthetic cohort divergence
CHN0507,C0507,,2026-05-20,synthetic cohort divergence
CHN0510,C0510,2026-03-23,2026-05-17,synthetic cohort divergence
CHN0513,C0513,,2026-05-14,synthetic cohort divergence
CHN0516,C0516,2026-03-17,2026-05-11,synthetic cohort divergence
CHN0519,C0519,,2026-05-08,synthetic cohort divergence
CHN0522,C0522,2026-03-11,2026-05-05,synthetic cohort divergence
CHN0525,C0525,,2026-05-02,synthetic cohort divergence
CHN0528,C0528,2026-05-19,2026-04-29,synthetic cohort divergence
CHN0531,C0531,,2026-04-26,synthetic cohort divergence
CHN0534,C0534,2026-05-13,2026-04-23,synthetic cohort divergence
CHN0537,C0537,,2026-04-20,synthetic cohort divergence
CHN0540,C0540,2026-05-07,2026-04-17,synthetic cohort divergence
CHN0543,C0543,,2026-04-14,synthetic cohort divergence
CHN0546,C0546,2026-05-01,2026-04-11,synthetic cohort divergence
CHN0549,C0549,,2026-04-08,synthetic cohort divergence
CHN0552,C0552,2026-04-25,2026-04-05,synthetic cohort divergence
CHN0555,C0555,,2026-04-02,synthetic cohort divergence
CHN0558,C0558,2026-04-19,2026-03-30,synthetic cohort divergence
CHN0561,C0561,,2026-03-27,synthetic cohort divergence
CHN0564,C0564,2026-04-13,2026-03-24,synthetic cohort divergence
CHN0567,C0567,,2026-03-21,synthetic cohort divergence
CHN0570,C0570,2026-04-07,2026-03-18,synthetic cohort divergence
CHN0573,C0573,,2026-03-15,synthetic cohort divergence
CHN0576,C0576,2026-04-01,2026-03-12,synthetic cohort divergence
CHN0579,C0579,,2026-03-09,synthetic cohort divergence
CHN0582,C0582,2026-03-26,2026-03-06,synthetic cohort divergence
CHN0585,C0585,,2026-03-03,synthetic cohort divergence
CHN0588,C0588,2026-03-20,2026-02-28,synthetic cohort divergence
CHN0591,C0591,,2026-02-25,synthetic cohort divergence
CHN0594,C0594,2026-03-14,2026-02-22,synthetic cohort divergence
CHN0597,C0597,,2026-02-19,synthetic cohort divergence
CHN0600,C0600,2026-05-22,2026-05-27,synthetic cohort divergence
CHN0603,C0603,,2026-05-24,synthetic cohort divergence
CHN0606,C0606,2026-05-16,2026-05-21,synthetic cohort divergence
CHN0609,C0609,,2026-05-18,synthetic cohort divergence
CHN0612,C0612,2026-05-10,2026-05-15,synthetic cohort divergence
CHN0615,C0615,,2026-05-12,synthetic cohort divergence
CHN0618,C0618,2026-05-04,2026-05-09,synthetic cohort divergence
CHN0621,C0621,,2026-05-06,synthetic cohort divergence
CHN0624,C0624,2026-04-28,2026-05-03,synthetic cohort divergence
CHN0627,C0627,,2026-04-30,synthetic cohort divergence
CHN0630,C0630,2026-04-22,2026-04-27,synthetic cohort divergence
CHN0633,C0633,,2026-04-24,synthetic cohort divergence
CHN0636,C0636,2026-04-16,2026-04-21,synthetic cohort divergence
CHN0639,C0639,,2026-04-18,synthetic cohort divergence
CHN0642,C0642,2026-04-10,2026-04-15,synthetic cohort divergence
CHN0645,C0645,,2026-04-12,synthetic cohort divergence
CHN0648,C0648,2026-04-04,2026-04-09,synthetic cohort divergence
CHN0651,C0651,,2026-04-06,synthetic cohort divergence
CHN0654,C0654,2026-03-29,2026-04-03,synthetic cohort divergence
CHN0657,C0657,,2026-03-31,synthetic cohort divergence
CHN0660,C0660,2026-03-23,2026-03-28,synthetic cohort divergence
CHN0663,C0663,,2026-03-25,synthetic cohort divergence
CHN0666,C0666,2026-03-17,2026-03-22,synthetic cohort divergence
CHN0669,C0669,,2026-03-19,synthetic cohort divergence
CHN0672,C0672,2026-03-11,2026-03-16,synthetic cohort divergence
CHN0675,C0675,,2026-03-13,synthetic cohort divergence
CHN0678,C0678,2026-05-19,2026-03-10,synthetic cohort divergence
CHN0681,C0681,,2026-03-07,synthetic cohort divergence
CHN0684,C0684,2026-05-13,2026-03-04,synthetic cohort divergence
CHN0687,C0687,,2026-03-01,synthetic cohort divergence
CHN0690,C0690,2026-05-07,2026-02-26,synthetic cohort divergence
CHN0693,C0693,,2026-02-23,synthetic cohort divergence
CHN0696,C0696,2026-05-01,2026-02-20,synthetic cohort divergence
CHN0699,C0699,,2026-02-17,synthetic cohort divergence
CHN0702,C0702,2026-04-25,2026-05-25,synthetic cohort divergence
CHN0705,C0705,,2026-05-22,synthetic cohort divergence
CHN0708,C0708,2026-04-19,2026-05-19,synthetic cohort divergence
CHN0711,C0711,,2026-05-16,synthetic cohort divergence
CHN0714,C0714,2026-04-13,2026-05-13,synthetic cohort divergence
CHN0717,C0717,,2026-05-10,synthetic cohort divergence
CHN0720,C0720,2026-04-07,2026-05-07,synthetic cohort divergence
CHN0723,C0723,,2026-05-04,synthetic cohort divergence
CHN0726,C0726,2026-04-01,2026-05-01,synthetic cohort divergence
CHN0729,C0729,,2026-04-28,synthetic cohort divergence
CHN0732,C0732,2026-03-26,2026-04-25,synthetic cohort divergence
CHN0735,C0735,,2026-04-22,synthetic cohort divergence
CHN0738,C0738,2026-03-20,2026-04-19,synthetic cohort divergence
CHN0741,C0741,,2026-04-16,synthetic cohort divergence
CHN0744,C0744,2026-03-14,2026-04-13,synthetic cohort divergence
CHN0747,C0747,,2026-04-10,synthetic cohort divergence
CHN0750,C0750,2026-05-22,2026-04-07,synthetic cohort divergence
CHN0753,C0753,,2026-04-04,synthetic cohort divergence
CHN0756,C0756,2026-05-16,2026-04-01,synthetic cohort divergence
CHN0759,C0759,,2026-03-29,synthetic cohort divergence
CHN0762,C0762,2026-05-10,2026-03-26,synthetic cohort divergence
CHN0765,C0765,,2026-03-23,synthetic cohort divergence
CHN0768,C0768,2026-05-04,2026-03-20,synthetic cohort divergence
CHN0771,C0771,,2026-03-17,synthetic cohort divergence
CHN0774,C0774,2026-04-28,2026-03-14,synthetic cohort divergence
CHN0777,C0777,,2026-03-11,synthetic cohort divergence
CHN0780,C0780,2026-04-22,2026-03-08,synthetic cohort divergence
CHN0783,C0783,,2026-03-05,synthetic cohort divergence
CHN0786,C0786,2026-04-16,2026-03-02,synthetic cohort divergence
CHN0789,C0789,,2026-02-27,synthetic cohort divergence
CHN0792,C0792,2026-04-10,2026-02-24,synthetic cohort divergence
CHN0795,C0795,,2026-02-21,synthetic cohort divergence
CHN0798,C0798,2026-04-04,2026-02-18,synthetic cohort divergence
CHN0801,C0801,,2026-05-26,synthetic cohort divergence
CHN0804,C0804,2026-03-29,2026-05-23,synthetic cohort divergence
CHN0807,C0807,,2026-05-20,synthetic cohort divergence
CHN0810,C0810,2026-03-23,2026-05-17,synthetic cohort divergence
CHN0813,C0813,,2026-05-14,synthetic cohort divergence
CHN0816,C0816,2026-03-17,2026-05-11,synthetic cohort divergence
CHN0819,C0819,,2026-05-08,synthetic cohort divergence
CHN0822,C0822,2026-03-11,2026-05-05,synthetic cohort divergence
CHN0825,C0825,,2026-05-02,synthetic cohort divergence
CHN0828,C0828,2026-05-19,2026-04-29,synthetic cohort divergence
CHN0831,C0831,,2026-04-26,synthetic cohort divergence
CHN0834,C0834,2026-05-13,2026-04-23,synthetic cohort divergence
CHN0837,C0837,,2026-04-20,synthetic cohort divergence
CHN0840,C0840,2026-05-07,2026-04-17,synthetic cohort divergence
CHN0843,C0843,,2026-04-14,synthetic cohort divergence
CHN0846,C0846,2026-05-01,2026-04-11,synthetic cohort divergence
CHN0849,C0849,,2026-04-08,synthetic cohort divergence
CHN0852,C0852,2026-04-25,2026-04-05,synthetic cohort divergence
CHN0855,C0855,,2026-04-02,synthetic cohort divergence
CHN0858,C0858,2026-04-19,2026-03-30,synthetic cohort divergence
CHN0861,C0861,,2026-03-27,synthetic cohort divergence
CHN0864,C0864,2026-04-13,2026-03-24,synthetic cohort divergence
CHN0867,C0867,,2026-03-21,synthetic cohort divergence
CHN0870,C0870,2026-04-07,2026-03-18,synthetic cohort divergence
CHN0873,C0873,,2026-03-15,synthetic cohort divergence
CHN0876,C0876,2026-04-01,2026-03-12,synthetic cohort divergence
CHN0879,C0879,,2026-03-09,synthetic cohort divergence
CHN0882,C0882,2026-03-26,2026-03-06,synthetic cohort divergence
CHN0885,C0885,,2026-03-03,synthetic cohort divergence
CHN0888,C0888,2026-03-20,2026-02-28,synthetic cohort divergence
CHN0891,C0891,,2026-02-25,synthetic cohort divergence
CHN0894,C0894,2026-03-14,2026-02-22,synthetic cohort divergence
CHN0897,C0897,,2026-02-19,synthetic cohort divergence
CHN0900,C0900,2026-05-22,2026-05-27,synthetic cohort divergence
CHN0903,C0903,,2026-05-24,synthetic cohort divergence
CHN0906,C0906,2026-05-16,2026-05-21,synthetic cohort divergence
CHN0909,C0909,,2026-05-18,synthetic cohort divergence
CHN0912,C0912,2026-05-10,2026-05-15,synthetic cohort divergence
CHN0915,C0915,,2026-05-12,synthetic cohort divergence
CHN0918,C0918,2026-05-04,2026-05-09,synthetic cohort divergence
CHN0921,C0921,,2026-05-06,synthetic cohort divergence
CHN0924,C0924,2026-04-28,2026-05-03,synthetic cohort divergence
CHN0927,C0927,,2026-04-30,synthetic cohort divergence
CHN0930,C0930,2026-04-22,2026-04-27,synthetic cohort divergence
CHN0933,C0933,,2026-04-24,synthetic cohort divergence
CHN0936,C0936,2026-04-16,2026-04-21,synthetic cohort divergence
CHN0939,C0939,,2026-04-18,synthetic cohort divergence
CHN0942,C0942,2026-04-10,2026-04-15,synthetic cohort divergence
CHN0945,C0945,,2026-04-12,synthetic cohort divergence
CHN0948,C0948,2026-04-04,2026-04-09,synthetic cohort divergence
CHN0951,C0951,,2026-04-06,synthetic cohort divergence
CHN0954,C0954,2026-03-29,2026-04-03,synthetic cohort divergence
CHN0957,C0957,,2026-03-31,synthetic cohort divergence
CHN0960,C0960,2026-03-23,2026-03-28,synthetic cohort divergence
CHN0963,C0963,,2026-03-25,synthetic cohort divergence
CHN0966,C0966,2026-03-17,2026-03-22,synthetic cohort divergence
CHN0969,C0969,,2026-03-19,synthetic cohort divergence
CHN0972,C0972,2026-03-11,2026-03-16,synthetic cohort divergence
CHN0975,C0975,,2026-03-13,synthetic cohort divergence
CHN0978,C0978,2026-05-19,2026-03-10,synthetic cohort divergence
CHN0981,C0981,,2026-03-07,synthetic cohort divergence
CHN0984,C0984,2026-05-13,2026-03-04,synthetic cohort divergence
CHN0987,C0987,,2026-03-01,synthetic cohort divergence
CHN0990,C0990,2026-05-07,2026-02-26,synthetic cohort divergence
CHN0993,C0993,,2026-02-23,synthetic cohort divergence
CHN0996,C0996,2026-05-01,2026-02-20,synthetic cohort divergence
CHN0999,C0999,,2026-02-17,synthetic cohort divergence
CHN1002,C1002,2026-04-25,2026-05-25,synthetic cohort divergence
CHN1005,C1005,,2026-05-22,synthetic cohort divergence
CHN1008,C1008,2026-04-19,2026-05-19,synthetic cohort divergence
CHN1011,C1011,,2026-05-16,synthetic cohort divergence
CHN1014,C1014,2026-04-13,2026-05-13,synthetic cohort divergence
CHN1017,C1017,,2026-05-10,synthetic cohort divergence
CHN1020,C1020,2026-04-07,2026-05-07,synthetic cohort divergence
CHN1023,C1023,,2026-05-04,synthetic cohort divergence
CHN1026,C1026,2026-04-01,2026-05-01,synthetic cohort divergence
CHN1029,C1029,,2026-04-28,synthetic cohort divergence
CHN1032,C1032,2026-03-26,2026-04-25,synthetic cohort divergence
CHN1035,C1035,,2026-04-22,synthetic cohort divergence
CHN1038,C1038,2026-03-20,2026-04-19,synthetic cohort divergence
CHN1041,C1041,,2026-04-16,synthetic cohort divergence
CHN1044,C1044,2026-03-14,2026-04-13,synthetic cohort divergence
CHN1047,C1047,,2026-04-10,synthetic cohort divergence
CHN1050,C1050,2026-05-22,2026-04-07,synthetic cohort divergence
CHN1053,C1053,,2026-04-04,synthetic cohort divergence
CHN1056,C1056,2026-05-16,2026-04-01,synthetic cohort divergence
CHN1059,C1059,,2026-03-29,synthetic cohort divergence
CHN1062,C1062,2026-05-10,2026-03-26,synthetic cohort divergence
CHN1065,C1065,,2026-03-23,synthetic cohort divergence
CHN1068,C1068,2026-05-04,2026-03-20,synthetic cohort divergence
CHN1071,C1071,,2026-03-17,synthetic cohort divergence
CHN1074,C1074,2026-04-28,2026-03-14,synthetic cohort divergence
CHN1077,C1077,,2026-03-11,synthetic cohort divergence
CHN1080,C1080,2026-04-22,2026-03-08,synthetic cohort divergence
CHN1083,C1083,,2026-03-05,synthetic cohort divergence
CHN1086,C1086,2026-04-16,2026-03-02,synthetic cohort divergence
CHN1089,C1089,,2026-02-27,synthetic cohort divergence
CHN1092,C1092,2026-04-10,2026-02-24,synthetic cohort divergence
CHN1095,C1095,,2026-02-21,synthetic cohort divergence
CHN1098,C1098,2026-04-04,2026-02-18,synthetic cohort divergence
CHN1101,C1101,,2026-05-26,synthetic cohort divergence
CHN1104,C1104,2026-03-29,2026-05-23,synthetic cohort divergence
CHN1107,C1107,,2026-05-20,synthetic cohort divergence
CHN1110,C1110,2026-03-23,2026-05-17,synthetic cohort divergence
CHN1113,C1113,,2026-05-14,synthetic cohort divergence
CHN1116,C1116,2026-03-17,2026-05-11,synthetic cohort divergence
CHN1119,C1119,,2026-05-08,synthetic cohort divergence
CHN1122,C1122,2026-03-11,2026-05-05,synthetic cohort divergence
CHN1125,C1125,,2026-05-02,synthetic cohort divergence
CHN1128,C1128,2026-05-19,2026-04-29,synthetic cohort divergence
CHN1131,C1131,,2026-04-26,synthetic cohort divergence
CHN1134,C1134,2026-05-13,2026-04-23,synthetic cohort divergence
CHN1137,C1137,,2026-04-20,synthetic cohort divergence
CHN1140,C1140,2026-05-07,2026-04-17,synthetic cohort divergence
CHN1143,C1143,,2026-04-14,synthetic cohort divergence
CHN1146,C1146,2026-05-01,2026-04-11,synthetic cohort divergence
CHN1149,C1149,,2026-04-08,synthetic cohort divergence
CHN1152,C1152,2026-04-25,2026-04-05,synthetic cohort divergence
CHN1155,C1155,,2026-04-02,synthetic cohort divergence
CHN1158,C1158,2026-04-19,2026-03-30,synthetic cohort divergence
CHN1161,C1161,,2026-03-27,synthetic cohort divergence
CHN1164,C1164,2026-04-13,2026-03-24,synthetic cohort divergence
CHN1167,C1167,,2026-03-21,synthetic cohort divergence
CHN1170,C1170,2026-04-07,2026-03-18,synthetic cohort divergence
CHN1173,C1173,,2026-03-15,synthetic cohort divergence
CHN1176,C1176,2026-04-01,2026-03-12,synthetic cohort divergence
CHN1179,C1179,,2026-03-09,synthetic cohort divergence
CHN1182,C1182,2026-03-26,2026-03-06,synthetic cohort divergence
CHN1185,C1185,,2026-03-03,synthetic cohort divergence
CHN1188,C1188,2026-03-20,2026-02-28,synthetic cohort divergence
CHN1191,C1191,,2026-02-25,synthetic cohort divergence
CHN1194,C1194,2026-03-14,2026-02-22,synthetic cohort divergence
CHN1197,C1197,,2026-02-19,synthetic cohort divergence
CHN1200,C1200,2026-05-22,2026-05-27,synthetic cohort divergence
CHN1203,C1203,,2026-05-24,synthetic cohort divergence
CHN1206,C1206,2026-05-16,2026-05-21,synthetic cohort divergence
CHN1209,C1209,,2026-05-18,synthetic cohort divergence
CHN1212,C1212,2026-05-10,2026-05-15,synthetic cohort divergence
CHN1215,C1215,,2026-05-12,synthetic cohort divergence
CHN1218,C1218,2026-05-04,2026-05-09,synthetic cohort divergence
CHN1221,C1221,,2026-05-06,synthetic cohort divergence
CHN1224,C1224,2026-04-28,2026-05-03,synthetic cohort divergence
CHN1227,C1227,,2026-04-30,synthetic cohort divergence
CHN1230,C1230,2026-04-22,2026-04-27,synthetic cohort divergence
CHN1233,C1233,,2026-04-24,synthetic cohort divergence
CHN1236,C1236,2026-04-16,2026-04-21,synthetic cohort divergence
CHN1239,C1239,,2026-04-18,synthetic cohort divergence
CHN1242,C1242,2026-04-10,2026-04-15,synthetic cohort divergence
CHN1245,C1245,,2026-04-12,synthetic cohort divergence
CHN1248,C1248,2026-04-04,2026-04-09,synthetic cohort divergence
CHN1251,C1251,,2026-04-06,synthetic cohort divergence
CHN1254,C1254,2026-03-29,2026-04-03,synthetic cohort divergence
CHN1257,C1257,,2026-03-31,synthetic cohort divergence
CHN1260,C1260,2026-03-23,2026-03-28,synthetic cohort divergence
CHN1263,C1263,,2026-03-25,synthetic cohort divergence
CHN1266,C1266,2026-03-17,2026-03-22,synthetic cohort divergence
CHN1269,C1269,,2026-03-19,synthetic cohort divergence
CHN1272,C1272,2026-03-11,2026-03-16,synthetic cohort divergence
CHN1275,C1275,,2026-03-13,synthetic cohort divergence
CHN1278,C1278,2026-05-19,2026-03-10,synthetic cohort divergence
CHN1281,C1281,,2026-03-07,synthetic cohort divergence
CHN1284,C1284,2026-05-13,2026-03-04,synthetic cohort divergence
CHN1287,C1287,,2026-03-01,synthetic cohort divergence
CHN1290,C1290,2026-05-07,2026-02-26,synthetic cohort divergence
CHN1293,C1293,,2026-02-23,synthetic cohort divergence
CHN1296,C1296,2026-05-01,2026-02-20,synthetic cohort divergence
CHN1299,C1299,,2026-02-17,synthetic cohort divergence
CHN1302,C1302,2026-04-25,2026-05-25,synthetic cohort divergence
CHN1305,C1305,,2026-05-22,synthetic cohort divergence
CHN1308,C1308,2026-04-19,2026-05-19,synthetic cohort divergence
CHN1311,C1311,,2026-05-16,synthetic cohort divergence
CHN1314,C1314,2026-04-13,2026-05-13,synthetic cohort divergence
CHN1317,C1317,,2026-05-10,synthetic cohort divergence
CHN1320,C1320,2026-04-07,2026-05-07,synthetic cohort divergence
CHN1323,C1323,,2026-05-04,synthetic cohort divergence
CHN1326,C1326,2026-04-01,2026-05-01,synthetic cohort divergence
CHN1329,C1329,,2026-04-28,synthetic cohort divergence
CHN1332,C1332,2026-03-26,2026-04-25,synthetic cohort divergence
CHN1335,C1335,,2026-04-22,synthetic cohort divergence
CHN1338,C1338,2026-03-20,2026-04-19,synthetic cohort divergence
CHN1341,C1341,,2026-04-16,synthetic cohort divergence
CHN1344,C1344,2026-03-14,2026-04-13,synthetic cohort divergence
CHN1347,C1347,,2026-04-10,synthetic cohort divergence
CHN1350,C1350,2026-05-22,2026-04-07,synthetic cohort divergence
CHN1353,C1353,,2026-04-04,synthetic cohort divergence
CHN1356,C1356,2026-05-16,2026-04-01,synthetic cohort divergence
CHN1359,C1359,,2026-03-29,synthetic cohort divergence
CHN1362,C1362,2026-05-10,2026-03-26,synthetic cohort divergence
CHN1365,C1365,,2026-03-23,synthetic cohort divergence
CHN1368,C1368,2026-05-04,2026-03-20,synthetic cohort divergence
CHN1371,C1371,,2026-03-17,synthetic cohort divergence
CHN1374,C1374,2026-04-28,2026-03-14,synthetic cohort divergence
CHN1377,C1377,,2026-03-11,synthetic cohort divergence
CHN1380,C1380,2026-04-22,2026-03-08,synthetic cohort divergence
CHN1383,C1383,,2026-03-05,synthetic cohort divergence
CHN1386,C1386,2026-04-16,2026-03-02,synthetic cohort divergence
CHN1389,C1389,,2026-02-27,synthetic cohort divergence
CHN1392,C1392,2026-04-10,2026-02-24,synthetic cohort divergence
CHN1395,C1395,,2026-02-21,synthetic cohort divergence
CHN1398,C1398,2026-04-04,2026-02-18,synthetic cohort divergence
CHN1401,C1401,,2026-05-26,synthetic cohort divergence
CHN1404,C1404,2026-03-29,2026-05-23,synthetic cohort divergence
CHN1407,C1407,,2026-05-20,synthetic cohort divergence
CHN1410,C1410,2026-03-23,2026-05-17,synthetic cohort divergence
CHN1413,C1413,,2026-05-14,synthetic cohort divergence
CHN1416,C1416,2026-03-17,2026-05-11,synthetic cohort divergence
CHN1419,C1419,,2026-05-08,synthetic cohort divergence
CHN1422,C1422,2026-03-11,2026-05-05,synthetic cohort divergence
CHN1425,C1425,,2026-05-02,synthetic cohort divergence
CHN1428,C1428,2026-05-19,2026-04-29,synthetic cohort divergence
CHN1431,C1431,,2026-04-26,synthetic cohort divergence
CHN1434,C1434,2026-05-13,2026-04-23,synthetic cohort divergence
CHN1437,C1437,,2026-04-20,synthetic cohort divergence
CHN1440,C1440,2026-05-07,2026-04-17,synthetic cohort divergence
CHN1443,C1443,,2026-04-14,synthetic cohort divergence
CHN1446,C1446,2026-05-01,2026-04-11,synthetic cohort divergence
CHN1449,C1449,,2026-04-08,synthetic cohort divergence
CHN1452,C1452,2026-04-25,2026-04-05,synthetic cohort divergence
CHN1455,C1455,,2026-04-02,synthetic cohort divergence
CHN1458,C1458,2026-04-19,2026-03-30,synthetic cohort divergence
CHN1461,C1461,,2026-03-27,synthetic cohort divergence
CHN1464,C1464,2026-04-13,2026-03-24,synthetic cohort divergence
CHN1467,C1467,,2026-03-21,synthetic cohort divergence
CHN1470,C1470,2026-04-07,2026-03-18,synthetic cohort divergence
CHN1473,C1473,,2026-03-15,synthetic cohort divergence
CHN1476,C1476,2026-04-01,2026-03-12,synthetic cohort divergence
CHN1479,C1479,,2026-03-09,synthetic cohort divergence
CHN1482,C1482,2026-03-26,2026-03-06,synthetic cohort divergence
CHN1485,C1485,,2026-03-03,synthetic cohort divergence
CHN1488,C1488,2026-03-20,2026-02-28,synthetic cohort divergence
CHN1491,C1491,,2026-02-25,synthetic cohort divergence
CHN1494,C1494,2026-03-14,2026-02-22,synthetic cohort divergence
CHN1497,C1497,,2026-02-19,synthetic cohort divergence
CHN1500,C1500,2026-05-22,2026-05-27,synthetic cohort divergence
CHN1503,C1503,,2026-05-24,synthetic cohort divergence
CHN1506,C1506,2026-05-16,2026-05-21,synthetic cohort divergence
CHN1509,C1509,,2026-05-18,synthetic cohort divergence
CHN1512,C1512,2026-05-10,2026-05-15,synthetic cohort divergence
CHN1515,C1515,,2026-05-12,synthetic cohort divergence
CHN1518,C1518,2026-05-04,2026-05-09,synthetic cohort divergence
CHN1521,C1521,,2026-05-06,synthetic cohort divergence
CHN1524,C1524,2026-04-28,2026-05-03,synthetic cohort divergence
CHN1527,C1527,,2026-04-30,synthetic cohort divergence
CHN1530,C1530,2026-04-22,2026-04-27,synthetic cohort divergence
CHN1533,C1533,,2026-04-24,synthetic cohort divergence
CHN1536,C1536,2026-04-16,2026-04-21,synthetic cohort divergence
CHN1539,C1539,,2026-04-18,synthetic cohort divergence
CHN1542,C1542,2026-04-10,2026-04-15,synthetic cohort divergence
CHN1545,C1545,,2026-04-12,synthetic cohort divergence
CHN1548,C1548,2026-04-04,2026-04-09,synthetic cohort divergence
CHN1551,C1551,,2026-04-06,synthetic cohort divergence
CHN1554,C1554,2026-03-29,2026-04-03,synthetic cohort divergence
CHN1557,C1557,,2026-03-31,synthetic cohort divergence
CHN1560,C1560,2026-03-23,2026-03-28,synthetic cohort divergence
CHN1563,C1563,,2026-03-25,synthetic cohort divergence
CHN1566,C1566,2026-03-17,2026-03-22,synthetic cohort divergence
CHN1569,C1569,,2026-03-19,synthetic cohort divergence
CHN1572,C1572,2026-03-11,2026-03-16,synthetic cohort divergence
CHN1575,C1575,,2026-03-13,synthetic cohort divergence
CHN1578,C1578,2026-05-19,2026-03-10,synthetic cohort divergence
CHN1581,C1581,,2026-03-07,synthetic cohort divergence
CHN1584,C1584,2026-05-13,2026-03-04,synthetic cohort divergence
CHN1587,C1587,,2026-03-01,synthetic cohort divergence
CHN1590,C1590,2026-05-07,2026-02-26,synthetic cohort divergence
CHN1593,C1593,,2026-02-23,synthetic cohort divergence
CHN1596,C1596,2026-05-01,2026-02-20,synthetic cohort divergence
CHN1599,C1599,,2026-02-17,synthetic cohort divergence
CHN1602,C1602,2026-04-25,2026-05-25,synthetic cohort divergence
CHN1605,C1605,,2026-05-22,synthetic cohort divergence
CHN1608,C1608,2026-04-19,2026-05-19,synthetic cohort divergence
CHN1611,C1611,,2026-05-16,synthetic cohort divergence
CHN1614,C1614,2026-04-13,2026-05-13,synthetic cohort divergence
CHN1617,C1617,,2026-05-10,synthetic cohort divergence
CHN1620,C1620,2026-04-07,2026-05-07,synthetic cohort divergence
CHN1623,C1623,,2026-05-04,synthetic cohort divergence
CHN1626,C1626,2026-04-01,2026-05-01,synthetic cohort divergence
CHN1629,C1629,,2026-04-28,synthetic cohort divergence
CHN1632,C1632,2026-03-26,2026-04-25,synthetic cohort divergence
CHN1635,C1635,,2026-04-22,synthetic cohort divergence
CHN1638,C1638,2026-03-20,2026-04-19,synthetic cohort divergence
CHN1641,C1641,,2026-04-16,synthetic cohort divergence
CHN1644,C1644,2026-03-14,2026-04-13,synthetic cohort divergence
CHN1647,C1647,,2026-04-10,synthetic cohort divergence
CHN1650,C1650,2026-05-22,2026-04-07,synthetic cohort divergence
CHN1653,C1653,,2026-04-04,synthetic cohort divergence
CHN1656,C1656,2026-05-16,2026-04-01,synthetic cohort divergence
CHN1659,C1659,,2026-03-29,synthetic cohort divergence
CHN1662,C1662,2026-05-10,2026-03-26,synthetic cohort divergence
CHN1665,C1665,,2026-03-23,synthetic cohort divergence
CHN1668,C1668,2026-05-04,2026-03-20,synthetic cohort divergence
CHN1671,C1671,,2026-03-17,synthetic cohort divergence
CHN1674,C1674,2026-04-28,2026-03-14,synthetic cohort divergence
CHN1677,C1677,,2026-03-11,synthetic cohort divergence
CHN1680,C1680,2026-04-22,2026-03-08,synthetic cohort divergence
CHN1683,C1683,,2026-03-05,synthetic cohort divergence
CHN1686,C1686,2026-04-16,2026-03-02,synthetic cohort divergence
CHN1689,C1689,,2026-02-27,synthetic cohort divergence
CHN1692,C1692,2026-04-10,2026-02-24,synthetic cohort divergence
CHN1695,C1695,,2026-02-21,synthetic cohort divergence
CHN1698,C1698,2026-04-04,2026-02-18,synthetic cohort divergence
CHN1701,C1701,,2026-05-26,synthetic cohort divergence
CHN1704,C1704,2026-03-29,2026-05-23,synthetic cohort divergence
CHN1707,C1707,,2026-05-20,synthetic cohort divergence
CHN1710,C1710,2026-03-23,2026-05-17,synthetic cohort divergence
CHN1713,C1713,,2026-05-14,synthetic cohort divergence
CHN1716,C1716,2026-03-17,2026-05-11,synthetic cohort divergence
CHN1719,C1719,,2026-05-08,synthetic cohort divergence
CHN1722,C1722,2026-03-11,2026-05-05,synthetic cohort divergence
CHN1725,C1725,,2026-05-02,synthetic cohort divergence
CHN1728,C1728,2026-05-19,2026-04-29,synthetic cohort divergence
CHN1731,C1731,,2026-04-26,synthetic cohort divergence
CHN1734,C1734,2026-05-13,2026-04-23,synthetic cohort divergence
CHN1737,C1737,,2026-04-20,synthetic cohort divergence
CHN1740,C1740,2026-05-07,2026-04-17,synthetic cohort divergence
CHN1743,C1743,,2026-04-14,synthetic cohort divergence
CHN1746,C1746,2026-05-01,2026-04-11,synthetic cohort divergence
CHN1749,C1749,,2026-04-08,synthetic cohort divergence
CHN1752,C1752,2026-04-25,2026-04-05,synthetic cohort divergence
CHN1755,C1755,,2026-04-02,synthetic cohort divergence
CHN1758,C1758,2026-04-19,2026-03-30,synthetic cohort divergence
CHN1761,C1761,,2026-03-27,synthetic cohort divergence
CHN1764,C1764,2026-04-13,2026-03-24,synthetic cohort divergence
CHN1767,C1767,,2026-03-21,synthetic cohort divergence
CHN1770,C1770,2026-04-07,2026-03-18,synthetic cohort divergence
CHN1773,C1773,,2026-03-15,synthetic cohort divergence
CHN1776,C1776,2026-04-01,2026-03-12,synthetic cohort divergence
CHN1779,C1779,,2026-03-09,synthetic cohort divergence
CHN1782,C1782,2026-03-26,2026-03-06,synthetic cohort divergence
CHN1785,C1785,,2026-03-03,synthetic cohort divergence
CHN1788,C1788,2026-03-20,2026-02-28,synthetic cohort divergence
CHN1791,C1791,,2026-02-25,synthetic cohort divergence
CHN1794,C1794,2026-03-14,2026-02-22,synthetic cohort divergence
CHN1797,C1797,,2026-02-19,synthetic cohort divergence
CHN1800,C1800,2026-05-22,2026-05-27,synthetic cohort divergence
CHN1803,C1803,,2026-05-24,synthetic cohort divergence
CHN1806,C1806,2026-05-16,2026-05-21,synthetic cohort divergence
CHN1809,C1809,,2026-05-18,synthetic cohort divergence
CHN1812,C1812,2026-05-10,2026-05-15,synthetic cohort divergence
CHN1815,C1815,,2026-05-12,synthetic cohort divergence
CHN1818,C1818,2026-05-04,2026-05-09,synthetic cohort divergence
CHN1821,C1821,,2026-05-06,synthetic cohort divergence
CHN1824,C1824,2026-04-28,2026-05-03,synthetic cohort divergence
CHN1827,C1827,,2026-04-30,synthetic cohort divergence
CHN1830,C1830,2026-04-22,2026-04-27,synthetic cohort divergence
CHN1833,C1833,,2026-04-24,synthetic cohort divergence
CHN1836,C1836,2026-04-16,2026-04-21,synthetic cohort divergence
CHN1839,C1839,,2026-04-18,synthetic cohort divergence
CHN1842,C1842,2026-04-10,2026-04-15,synthetic cohort divergence
CHN1845,C1845,,2026-04-12,synthetic cohort divergence
CHN1848,C1848,2026-04-04,2026-04-09,synthetic cohort divergence
CHN1851,C1851,,2026-04-06,synthetic cohort divergence
CHN1854,C1854,2026-03-29,2026-04-03,synthetic cohort divergence
CHN1857,C1857,,2026-03-31,synthetic cohort divergence
CHN1860,C1860,2026-03-23,2026-03-28,synthetic cohort divergence
CHN1863,C1863,,2026-03-25,synthetic cohort divergence
CHN1866,C1866,2026-03-17,2026-03-22,synthetic cohort divergence
CHN1869,C1869,,2026-03-19,synthetic cohort divergence
CHN1872,C1872,2026-03-11,2026-03-16,synthetic cohort divergence
CHN1875,C1875,,2026-03-13,synthetic cohort divergence
CHN1878,C1878,2026-05-19,2026-03-10,synthetic cohort divergence
CHN1881,C1881,,2026-03-07,synthetic cohort divergence
CHN1884,C1884,2026-05-13,2026-03-04,synthetic cohort divergence
CHN1887,C1887,,2026-03-01,synthetic cohort divergence
CHN1890,C1890,2026-05-07,2026-02-26,synthetic cohort divergence
CHN1893,C1893,,2026-02-23,synthetic cohort divergence
CHN1896,C1896,2026-05-01,2026-02-20,synthetic cohort divergence
CHN1899,C1899,,2026-02-17,synthetic cohort divergence
CHN1902,C1902,2026-04-25,2026-05-25,synthetic cohort divergence
CHN1905,C1905,,2026-05-22,synthetic cohort divergence
CHN1908,C1908,2026-04-19,2026-05-19,synthetic cohort divergence
CHN1911,C1911,,2026-05-16,synthetic cohort divergence
CHN1914,C1914,2026-04-13,2026-05-13,synthetic cohort divergence
CHN1917,C1917,,2026-05-10,synthetic cohort divergence
CHN1920,C1920,2026-04-07,2026-05-07,synthetic cohort divergence
CHN1923,C1923,,2026-05-04,synthetic cohort divergence
CHN1926,C1926,2026-04-01,2026-05-01,synthetic cohort divergence
CHN1929,C1929,,2026-04-28,synthetic cohort divergence
CHN1932,C1932,2026-03-26,2026-04-25,synthetic cohort divergence
CHN1935,C1935,,2026-04-22,synthetic cohort divergence
CHN1938,C1938,2026-03-20,2026-04-19,synthetic cohort divergence
CHN1941,C1941,,2026-04-16,synthetic cohort divergence
CHN1944,C1944,2026-03-14,2026-04-13,synthetic cohort divergence
CHN1947,C1947,,2026-04-10,synthetic cohort divergence
CHN1950,C1950,2026-05-22,2026-04-07,synthetic cohort divergence
CHN1953,C1953,,2026-04-04,synthetic cohort divergence
CHN1956,C1956,2026-05-16,2026-04-01,synthetic cohort divergence
CHN1959,C1959,,2026-03-29,synthetic cohort divergence
CHN1962,C1962,2026-05-10,2026-03-26,synthetic cohort divergence
CHN1965,C1965,,2026-03-23,synthetic cohort divergence
CHN1968,C1968,2026-05-04,2026-03-20,synthetic cohort divergence
CHN1971,C1971,,2026-03-17,synthetic cohort divergence
CHN1974,C1974,2026-04-28,2026-03-14,synthetic cohort divergence
CHN1977,C1977,,2026-03-11,synthetic cohort divergence
CHN1980,C1980,2026-04-22,2026-03-08,synthetic cohort divergence
CHN1983,C1983,,2026-03-05,synthetic cohort divergence
CHN1986,C1986,2026-04-16,2026-03-02,synthetic cohort divergence
CHN1989,C1989,,2026-02-27,synthetic cohort divergence
CHN1992,C1992,2026-04-10,2026-02-24,synthetic cohort divergence
CHN1995,C1995,,2026-02-21,synthetic cohort divergence
CHN1998,C1998,2026-04-04,2026-02-18,synthetic cohort divergence
