learner_id,learner_name,team,role,certification_id,exam_voucher_cost
L001,Contoso Learner 001,Platform,Engineer,CERT-AZURE-001,450
L002,Contoso Learner 002,Security,Architect,CERT-AZURE-001,450
L003,Contoso Learner 003,Data,Analyst,CERT-AZURE-001,450
L004,Contoso Learner 004,Applications,Engineer,CERT-AZURE-001,450
L005,Contoso Learner 005,Platform,Architect,CERT-AZURE-001,450
L006,Contoso Learner 006,Security,Analyst,CERT-AZURE-001,450
L007,Contoso Learner 007,Data,Engineer,CERT-AZURE-001,450
L008,Contoso Learner 008,Applications,Architect,CERT-AZURE-001,450
L009,Contoso Learner 009,Platform,Analyst,CERT-AZURE-001,450
L010,Contoso Learner 010,Security,Engineer,CERT-AZURE-001,450
L011,Contoso Learner 011,Data,Architect,CERT-AZURE-001,450
L012,Contoso Learner 012,Applications,Analyst,CERT-AZURE-001,450
L013,Contoso Learner 013,Platform,Engineer,CERT-AZURE-001,450
L014,Contoso Learner 014,Security,Architect,CERT-AZURE-001,450
L015,Contoso Learner 015,Data,Analyst,CERT-AZURE-001,450
L016,Contoso Learner 016,Applications,Engineer,CERT-AZURE-001,450
L017,Contoso Learner 017,Platform,Architect,CERT-AZURE-001,450
L018,Contoso Learner 018,Security,Analyst,CERT-AZURE-001,450
L019,Contoso Learner 019,Data,Engineer,CERT-AZURE-001,450
L020,Contoso Learner 020,Applications,Architect,CERT-AZURE-001,450
L021,Contoso Learner 021,Platform,Analyst,CERT-AZURE-001,450
L022,Contoso Learner 022,Security,Engineer,CERT-AZURE-001,450
L023,Contoso Learner 023,Data,Architect,CERT-AZURE-001,450
L024,Contoso Learner 024,Applications,Analyst,CERT-AZURE-001,450
L025,Contoso Learner 025,Platform,Engineer,CERT-AZURE-001,450
L026,Contoso Learner 026,Security,Architect,CERT-AZURE-001,450
L027,Contoso Learner 027,Data,Analyst,CERT-AZURE-001,450
L028,Contoso Learner 028,Applications,Engineer,CERT-AZURE-001,450
L029,Contoso Learner 029,Platform,Architect,CERT-AZURE-001,450
L030,Contoso Learner 030,Security,Analyst,CERT-AZURE-001,450
L031,Contoso Learner 031,Data,Engineer,CERT-AZURE-001,450
L032,Contoso Learner 032,Applications,Architect,CERT-AZURE-001,450
L033,Contoso Learner 033,Platform,Analyst,CERT-AZURE-001,450
L034,Contoso Learner 034,Security,Engineer,CERT-AZURE-001,450
L035,Contoso Learner 035,Data,Architect,CERT-AZURE-001,450
L036,Contoso Learner 036,Applications,Analyst,CERT-AZURE-001,450
L037,Contoso Learner 037,Platform,Engineer,CERT-AZURE-001,450
L038,Contoso Learner 038,Security,Architect,CERT-AZURE-001,450
L039,Contoso Learner 039,Data,Analyst,CERT-AZURE-001,450
L040,Contoso Learner 040,Applications,Engineer,CERT-AZURE-001,450
L041,Contoso Learner 041,Platform,Architect,CERT-AZURE-001,450
L042,Contoso Learner 042,Security,Analyst,CERT-AZURE-001,450
L043,Contoso Learner 043,Data,Engineer,CERT-AZURE-001,450
L044,Contoso Learner 044,Applications,Architect,CERT-AZURE-001,450
L045,Contoso Learner 045,Platform,Analyst,CERT-AZURE-001,450
L046,Contoso Learner 046,Security,Engineer,CERT-AZURE-001,450
L047,Contoso Learner 047,Data,Architect,CERT-AZURE-001,450
L048,Contoso Learner 048,Applications,Analyst,CERT-AZURE-001,450
L049,Contoso Learner 049,Platform,Engineer,CERT-AZURE-001,450
L050,Contoso Learner 050,Security,Architect,CERT-AZURE-001,450
L051,Contoso Learner 051,Data,Analyst,CERT-AZURE-001,450
L052,Contoso Learner 052,Applications,Engineer,CERT-AZURE-001,450
L053,Contoso Learner 053,Platform,Architect,CERT-AZURE-001,450
L054,Contoso Learner 054,Security,Analyst,CERT-AZURE-001,450
L055,Contoso Learner 055,Data,Engineer,CERT-AZURE-001,450
L056,Contoso Learner 056,Applications,Architect,CERT-AZURE-001,450
L057,Contoso Learner 057,Platform,Analyst,CERT-AZURE-001,450
L058,Contoso Learner 058,Security,Engineer,CERT-AZURE-001,450
L059,Contoso Learner 059,Data,Architect,CERT-AZURE-001,450
L060,Contoso Learner 060,Applications,Analyst,CERT-AZURE-001,450
L061,Contoso Learner 061,Platform,Engineer,CERT-AZURE-001,450
L062,Contoso Learner 062,Security,Architect,CERT-AZURE-001,450
L063,Contoso Learner 063,Data,Analyst,CERT-AZURE-001,450
L064,Contoso Learner 064,Applications,Engineer,CERT-AZURE-001,450
L065,Contoso Learner 065,Platform,Architect,CERT-AZURE-001,450
L066,Contoso Learner 066,Security,Analyst,CERT-AZURE-001,450
L067,Contoso Learner 067,Data,Engineer,CERT-AZURE-001,450
L068,Contoso Learner 068,Applications,Architect,CERT-AZURE-001,450
L069,Contoso Learner 069,Platform,Analyst,CERT-AZURE-001,450
L070,Contoso Learner 070,Security,Engineer,CERT-AZURE-001,450
L071,Contoso Learner 071,Data,Architect,CERT-AZURE-001,450
L072,Contoso Learner 072,Applications,Analyst,CERT-AZURE-001,450
L073,Contoso Learner 073,Platform,Engineer,CERT-AZURE-001,450
L074,Contoso Learner 074,Security,Architect,CERT-AZURE-001,450
L075,Contoso Learner 075,Data,Analyst,CERT-AZURE-001,450
L076,Contoso Learner 076,Applications,Engineer,CERT-AZURE-001,450
L077,Contoso Learner 077,Platform,Architect,CERT-AZURE-001,450
L078,Contoso Learner 078,Security,Analyst,CERT-AZURE-001,450
L079,Contoso Learner 079,Data,Engineer,CERT-AZURE-001,450
L080,Contoso Learner 080,Applications,Architect,CERT-AZURE-001,450
L081,Contoso Learner 081,Platform,Analyst,CERT-AZURE-001,450
L082,Contoso Learner 082,Security,Engineer,CERT-AZURE-001,450
L083,Contoso Learner 083,Data,Architect,CERT-AZURE-001,450
L084,Contoso Learner 084,Applications,Analyst,CERT-AZURE-001,450
L085,Contoso Learner 085,Platform,Engineer,CERT-AZURE-001,450
L086,Contoso Learner 086,Security,Architect,CERT-AZURE-001,450
L087,Contoso Learner 087,Data,Analyst,CERT-AZURE-001,450
L088,Contoso Learner 088,Applications,Engineer,CERT-AZURE-001,450
L089,Contoso Learner 089,Platform,Architect,CERT-AZURE-001,450
L090,Contoso Learner 090,Security,Analyst,CERT-AZURE-001,450
L091,Contoso Learner 091,Data,Engineer,CERT-AZURE-001,450
L092,Contoso Learner 092,Applications,Architect,CERT-AZURE-001,450
L093,Contoso Learner 093,Platform,Analyst,CERT-AZURE-001,450
L094,Contoso Learner 094,Security,Engineer,CERT-AZURE-001,450
L095,Contoso Learner 095,Data,Architect,CERT-AZURE-001,450
L096,Contoso Learner 096,Applications,Analyst,CERT-AZURE-001,450
L097,Contoso Learner 097,Platform,Engineer,CERT-AZURE-001,450
L098,Contoso Learner 098,Security,Architect,CERT-AZURE-001,450
L099,Contoso Learner 099,Data,Analyst,CERT-AZURE-001,450
L100,Contoso Learner 100,Applications,Engineer,CERT-AZURE-001,450
L101,Contoso Learner 101,Platform,Architect,CERT-AZURE-001,450
L102,Contoso Learner 102,Security,Analyst,CERT-AZURE-001,450
L103,Contoso Learner 103,Data,Engineer,CERT-AZURE-001,450
L104,Contoso Learner 104,Applications,Architect,CERT-AZURE-001,450
L105,Contoso Learner 105,Platform,Analyst,CERT-AZURE-001,450
L106,Contoso Learner 106,Security,Engineer,CERT-AZURE-001,450
L107,Contoso Learner 107,Data,Architect,CERT-AZURE-001,450
L108,Contoso Learner 108,Applications,Analyst,CERT-AZURE-001,450
L109,Contoso Learner 109,Platform,Engineer,CERT-AZURE-001,450
L110,Contoso Learner 110,Security,Architect,CERT-AZURE-001,450
L111,Contoso Learner 111,Data,Analyst,CERT-AZURE-001,450
L112,Contoso Learner 112,Applications,Engineer,CERT-AZURE-001,450
L113,Contoso Learner 113,Platform,Architect,CERT-AZURE-001,450
L114,Contoso Learner 114,Security,Analyst,CERT-AZURE-001,450
L115,Contoso Learner 115,Data,Engineer,CERT-AZURE-001,450
L116,Contoso Learner 116,Applications,Architect,CERT-AZURE-001,450
L117,Contoso Learner 117,Platform,Analyst,CERT-AZURE-001,450
L118,Contoso Learner 118,Security,Engineer,CERT-AZURE-001,450
L119,Contoso Learner 119,Data,Architect,CERT-AZURE-001,450
L120,Contoso Learner 120,Applications,Analyst,CERT-AZURE-001,450
