revenue_event_id,customer_id,event_date,amount,event_type
REV0001,C0001,2026-05-31,15250.0,recognized_revenue
REV0002,C0002,2026-05-30,4666.67,recognized_revenue
REV0003,C0003,2026-05-29,7166.67,recognized_revenue
REV0004,C0004,2026-05-28,18250.0,recognized_revenue
REV0005,C0005,2026-02-16,8500.0,recognized_revenue
REV0006,C0006,2026-05-26,13916.67,recognized_revenue
REV0007,C0007,2026-05-25,9916.67,recognized_revenue
REV0008,C0008,2026-05-24,11250.0,recognized_revenue
REV0009,C0009,2026-05-23,20000.0,recognized_revenue
REV0010,C0010,2026-02-11,15000.0,recognized_revenue
REV0011,C0011,2026-05-21,16083.33,recognized_revenue
REV0012,C0012,2026-05-20,18833.33,recognized_revenue
REV0013,C0013,2026-05-19,5583.33,recognized_revenue
REV0014,C0014,2026-05-18,5000.0,recognized_revenue
REV0015,C0015,2026-02-06,6750.0,recognized_revenue
REV0016,C0016,2026-05-16,16083.33,recognized_revenue
REV0017,C0017,2026-05-15,11500.0,recognized_revenue
REV0018,C0018,2026-05-14,5000.0,recognized_revenue
REV0019,C0019,2026-05-13,15166.67,recognized_revenue
REV0020,C0020,2026-02-01,14416.67,recognized_revenue
REV0021,C0021,2026-05-11,18083.33,recognized_revenue
REV0022,C0022,2026-05-10,16416.67,recognized_revenue
REV0023,C0023,2026-05-09,14166.67,recognized_revenue
REV0024,C0024,2026-05-08,14666.67,recognized_revenue
REV0025,C0025,2026-01-27,6916.67,recognized_revenue
REV0026,C0026,2026-05-06,10333.33,recognized_revenue
REV0027,C0027,2026-05-05,2416.67,recognized_revenue
REV0028,C0028,2026-05-04,18583.33,recognized_revenue
REV0029,C0029,2026-05-03,19416.67,recognized_revenue
REV0030,C0030,2026-01-22,12583.33,recognized_revenue
REV0031,C0031,2026-05-01,16916.67,recognized_revenue
REV0032,C0032,2026-04-30,11916.67,recognized_revenue
REV0033,C0033,2026-04-29,9916.67,recognized_revenue
REV0034,C0034,2026-04-28,13833.33,recognized_revenue
REV0035,C0035,2026-01-17,13333.33,recognized_revenue
REV0036,C0036,2026-04-26,7666.67,recognized_revenue
REV0037,C0037,2026-04-25,13916.67,recognized_revenue
REV0038,C0038,2026-04-24,18916.67,recognized_revenue
REV0039,C0039,2026-04-23,15250.0,recognized_revenue
REV0040,C0040,2026-01-12,17583.33,recognized_revenue
REV0041,C0041,2026-04-21,13916.67,recognized_revenue
REV0042,C0042,2026-04-20,5083.33,recognized_revenue
REV0043,C0043,2026-04-19,9416.67,recognized_revenue
REV0044,C0044,2026-04-18,10000.0,recognized_revenue
REV0045,C0045,2026-01-07,11666.67,recognized_revenue
REV0046,C0046,2026-04-16,11750.0,recognized_revenue
REV0047,C0047,2026-04-15,2583.33,recognized_revenue
REV0048,C0048,2026-04-14,9083.33,recognized_revenue
REV0049,C0049,2026-04-13,17666.67,recognized_revenue
REV0050,C0050,2026-01-02,18166.67,recognized_revenue
REV0051,C0051,2026-04-11,18000.0,recognized_revenue
REV0052,C0052,2026-04-10,13166.67,recognized_revenue
REV0053,C0053,2026-04-09,18916.67,recognized_revenue
REV0054,C0054,2026-04-08,11666.67,recognized_revenue
REV0055,C0055,2025-12-28,15333.33,recognized_revenue
REV0056,C0056,2026-04-06,11500.0,recognized_revenue
REV0057,C0057,2026-04-05,4416.67,recognized_revenue
REV0058,C0058,2026-04-04,11416.67,recognized_revenue
REV0059,C0059,2026-04-03,3333.33,recognized_revenue
REV0060,C0060,2025-12-23,17166.67,recognized_revenue
REV0061,C0061,2026-04-01,4750.0,recognized_revenue
REV0062,C0062,2026-03-31,18250.0,recognized_revenue
REV0063,C0063,2026-03-30,19583.33,recognized_revenue
REV0064,C0064,2026-03-29,8583.33,recognized_revenue
REV0065,C0065,2025-12-18,16666.67,recognized_revenue
REV0066,C0066,2026-03-27,13583.33,recognized_revenue
REV0067,C0067,2026-03-26,16166.67,recognized_revenue
REV0068,C0068,2026-03-25,17416.67,recognized_revenue
REV0069,C0069,2026-03-24,16666.67,recognized_revenue
REV0070,C0070,2025-12-13,4000.0,recognized_revenue
REV0071,C0071,2026-03-22,10416.67,recognized_revenue
REV0072,C0072,2026-03-21,10250.0,recognized_revenue
REV0073,C0073,2026-03-20,5500.0,recognized_revenue
REV0074,C0074,2026-03-19,18833.33,recognized_revenue
REV0075,C0075,2025-12-08,4583.33,recognized_revenue
REV0076,C0076,2026-03-17,2166.67,recognized_revenue
REV0077,C0077,2026-03-16,5333.33,recognized_revenue
REV0078,C0078,2026-03-15,3416.67,recognized_revenue
REV0079,C0079,2026-03-14,9666.67,recognized_revenue
REV0080,C0080,2025-12-03,12750.0,recognized_revenue
REV0081,C0081,2026-03-12,18666.67,recognized_revenue
REV0082,C0082,2026-03-11,3916.67,recognized_revenue
REV0083,C0083,2026-03-10,3750.0,recognized_revenue
REV0084,C0084,2026-03-09,10666.67,recognized_revenue
REV0085,C0085,2025-11-28,19166.67,recognized_revenue
REV0086,C0086,2026-03-07,10500.0,recognized_revenue
REV0087,C0087,2026-03-06,8333.33,recognized_revenue
REV0088,C0088,2026-03-05,15250.0,recognized_revenue
REV0089,C0089,2026-06-01,14416.67,recognized_revenue
REV0090,C0090,2025-11-23,5000.0,recognized_revenue
REV0091,C0091,2026-05-30,10166.67,recognized_revenue
REV0092,C0092,2026-05-29,3500.0,recognized_revenue
REV0093,C0093,2026-05-28,4333.33,recognized_revenue
REV0094,C0094,2026-05-27,10666.67,recognized_revenue
REV0095,C0095,2025-11-18,3583.33,recognized_revenue
REV0096,C0096,2026-05-25,13083.33,recognized_revenue
REV0097,C0097,2026-05-24,5083.33,recognized_revenue
REV0098,C0098,2026-05-23,16833.33,recognized_revenue
REV0099,C0099,2026-05-22,17083.33,recognized_revenue
REV0100,C0100,2025-11-13,13083.33,recognized_revenue
REV0101,C0101,2026-05-20,10083.33,recognized_revenue
REV0102,C0102,2026-05-19,11250.0,recognized_revenue
REV0103,C0103,2026-05-18,10583.33,recognized_revenue
REV0104,C0104,2026-05-17,5833.33,recognized_revenue
REV0105,C0105,2025-11-08,10583.33,recognized_revenue
REV0106,C0106,2026-05-15,9250.0,recognized_revenue
REV0107,C0107,2026-05-14,17583.33,recognized_revenue
REV0108,C0108,2026-05-13,14000.0,recognized_revenue
REV0109,C0109,2026-05-12,16083.33,recognized_revenue
REV0110,C0110,2025-11-03,3833.33,recognized_revenue
REV0111,C0111,2026-05-10,15416.67,recognized_revenue
REV0112,C0112,2026-05-09,12916.67,recognized_revenue
REV0113,C0113,2026-05-08,5416.67,recognized_revenue
REV0114,C0114,2026-05-07,2083.33,recognized_revenue
REV0115,C0115,2025-10-29,11583.33,recognized_revenue
REV0116,C0116,2026-05-05,3916.67,recognized_revenue
REV0117,C0117,2026-05-04,15416.67,recognized_revenue
REV0118,C0118,2026-05-03,9333.33,recognized_revenue
REV0119,C0119,2026-05-02,16500.0,recognized_revenue
REV0120,C0120,2026-02-21,14250.0,recognized_revenue
