usage_event_id,customer_id,event_date,event_type,qualifying
USE0001,C0001,2026-05-31,api_call,1
USE0002,C0002,2026-05-30,workflow_run,1
USE0003,C0003,2026-03-25,dashboard_view,1
USE0004,C0004,2026-05-28,api_call,1
USE0005,C0005,2026-05-27,workflow_run,1
USE0006,C0006,2026-03-22,dashboard_view,1
USE0007,C0007,2026-05-25,api_call,1
USE0008,C0008,2026-05-24,workflow_run,1
USE0009,C0009,2026-03-19,dashboard_view,1
USE0010,C0010,2026-05-22,api_call,1
USE0011,C0011,2026-05-21,workflow_run,1
USE0012,C0012,2026-03-16,dashboard_view,1
USE0013,C0013,2026-05-19,api_call,1
USE0014,C0014,2026-05-18,workflow_run,1
USE0015,C0015,2026-03-13,dashboard_view,1
USE0016,C0016,2026-05-16,api_call,1
USE0017,C0017,2026-05-15,workflow_run,1
USE0018,C0018,2026-03-10,dashboard_view,1
USE0019,C0019,2026-05-13,api_call,1
USE0020,C0020,2026-05-12,workflow_run,1
USE0021,C0021,2026-03-07,dashboard_view,1
USE0022,C0022,2026-05-10,api_call,1
USE0023,C0023,2026-05-09,workflow_run,1
USE0024,C0024,2026-03-04,dashboard_view,1
USE0025,C0025,2026-05-07,api_call,1
USE0026,C0026,2026-05-06,workflow_run,1
USE0027,C0027,2026-03-01,dashboard_view,1
USE0028,C0028,2026-05-04,api_call,1
USE0029,C0029,2026-06-01,workflow_run,1
USE0030,C0030,2026-02-26,dashboard_view,1
USE0031,C0031,2026-05-30,api_call,1
USE0032,C0032,2026-05-29,workflow_run,1
USE0033,C0033,2026-02-23,dashboard_view,1
USE0034,C0034,2026-05-27,api_call,1
USE0035,C0035,2026-05-26,workflow_run,1
USE0036,C0036,2026-02-20,dashboard_view,1
USE0037,C0037,2026-05-24,api_call,1
USE0038,C0038,2026-05-23,workflow_run,1
USE0039,C0039,2026-02-17,dashboard_view,1
USE0040,C0040,2026-05-21,api_call,1
USE0041,C0041,2026-05-20,workflow_run,1
USE0042,C0042,2026-02-14,dashboard_view,1
USE0043,C0043,2026-05-18,api_call,1
USE0044,C0044,2026-05-17,workflow_run,1
USE0045,C0045,2026-02-11,dashboard_view,1
USE0046,C0046,2026-05-15,api_call,1
USE0047,C0047,2026-05-14,workflow_run,1
USE0048,C0048,2026-02-08,dashboard_view,1
USE0049,C0049,2026-05-12,api_call,1
USE0050,C0050,2026-05-11,workflow_run,1
USE0051,C0051,2026-02-05,dashboard_view,1
USE0052,C0052,2026-05-09,api_call,1
USE0053,C0053,2026-05-08,workflow_run,1
USE0054,C0054,2026-02-02,dashboard_view,1
USE0055,C0055,2026-05-06,api_call,1
USE0056,C0056,2026-05-05,workflow_run,1
USE0057,C0057,2026-01-30,dashboard_view,1
USE0058,C0058,2026-06-01,api_call,1
USE0059,C0059,2026-05-31,workflow_run,1
USE0060,C0060,2026-01-27,dashboard_view,1
USE0061,C0061,2026-05-29,api_call,1
USE0062,C0062,2026-05-28,workflow_run,1
USE0063,C0063,2026-01-24,dashboard_view,1
USE0064,C0064,2026-05-26,api_call,1
USE0065,C0065,2026-05-25,workflow_run,1
USE0066,C0066,2026-01-21,dashboard_view,1
USE0067,C0067,2026-05-23,api_call,1
USE0068,C0068,2026-05-22,workflow_run,1
USE0069,C0069,2026-01-18,dashboard_view,1
USE0070,C0070,2026-05-20,api_call,1
USE0071,C0071,2026-05-19,workflow_run,1
USE0072,C0072,2026-01-15,dashboard_view,1
USE0073,C0073,2026-05-17,api_call,1
USE0074,C0074,2026-05-16,workflow_run,1
USE0075,C0075,2026-01-12,dashboard_view,1
USE0076,C0076,2026-05-14,api_call,1
USE0077,C0077,2026-05-13,workflow_run,1
USE0078,C0078,2026-01-09,dashboard_view,1
USE0079,C0079,2026-05-11,api_call,1
USE0080,C0080,2026-05-10,workflow_run,1
USE0081,C0081,2026-01-06,dashboard_view,1
USE0082,C0082,2026-05-08,api_call,1
USE0083,C0083,2026-05-07,workflow_run,1
USE0084,C0084,2026-01-03,dashboard_view,1
USE0085,C0085,2026-05-05,api_call,1
USE0086,C0086,2026-05-04,workflow_run,1
USE0087,C0087,2025-12-31,dashboard_view,1
USE0088,C0088,2026-05-31,api_call,1
USE0089,C0089,2026-05-30,workflow_run,1
USE0090,C0090,2025-12-28,dashboard_view,1
USE0091,C0091,2026-05-28,api_call,1
USE0092,C0092,2026-05-27,workflow_run,1
USE0093,C0093,2025-12-25,dashboard_view,1
USE0094,C0094,2026-05-25,api_call,1
USE0095,C0095,2026-05-24,workflow_run,1
USE0096,C0096,2025-12-22,dashboard_view,1
USE0097,C0097,2026-05-22,api_call,1
USE0098,C0098,2026-05-21,workflow_run,1
USE0099,C0099,2025-12-19,dashboard_view,1
USE0100,C0100,2026-05-19,api_call,1
USE0101,C0101,2026-05-18,workflow_run,1
USE0102,C0102,2026-03-26,dashboard_view,1
USE0103,C0103,2026-05-16,api_call,1
USE0104,C0104,2026-05-15,workflow_run,1
USE0105,C0105,2026-03-23,dashboard_view,1
USE0106,C0106,2026-05-13,api_call,1
USE0107,C0107,2026-05-12,workflow_run,1
USE0108,C0108,2026-03-20,dashboard_view,1
USE0109,C0109,2026-05-10,api_call,1
USE0110,C0110,2026-05-09,workflow_run,1
USE0111,C0111,2026-03-17,dashboard_view,1
USE0112,C0112,2026-05-07,api_call,1
USE0113,C0113,2026-05-06,workflow_run,1
USE0114,C0114,2026-03-14,dashboard_view,1
USE0115,C0115,2026-05-04,api_call,1
USE0116,C0116,2026-06-01,workflow_run,1
USE0117,C0117,2026-03-11,dashboard_view,1
USE0118,C0118,2026-05-30,api_call,1
USE0119,C0119,2026-05-29,workflow_run,1
USE0120,C0120,2026-03-08,dashboard_view,1
